{"2017Q4":{"Aranda":115.1323529412,"Belconnen":602.3112745098,"Bruce":200.3700980392,"Charnwood":93.6053921569,"Cook":109.6544117647,"Dunlop":78.1176470588,"Evatt":66.5147058824,"Kowen":0.0,"Florey":126.5049019608,"Flynn":39.0049019608,"Fraser":41.0196078431,"Giralang":27.9705882353,"Gooromon":0.0,"Hawker":88.7892156863,"Higgins":48.6078431373,"Holt":208.7647058824,"Kaleen":90.9215686275,"Majura":64.0833333333,"Latham":39.7598039216,"Lawson":18.6225490196,"Macgregor":95.8651960784,"Macquarie":101.6029411765,"McKellar":39.193627451,"Melba":56.181372549,"Page":49.7328431373,"Hall":3.6617647059,"Scullin":43.681372549,"Spence":52.4338235294,"Weetangera":26.4191176471,"Molonglo":3.1323529412,"Namadgi":0.0,"Mitchell":135.2426470588,"Hume":59.9730392157,"Amaroo":66.8578431373,"Bonner":51.2818627451,"Casey":0.0,"Crace":47.7083333333,"Forde":26.4117647059,"Franklin":128.7058823529,"Harrison":106.012254902,"Ngunnawal":92.3357843137,"Nicholls":76.8480392157,"Palmerston":71.0098039216,"Acton":118.3137254902,"Ainslie":107.0196078431,"Braddon":280.5539215686,"Lake Burley Griffin":0.0,"Campbell":71.6004901961,"Civic":0.0,"Dickson":155.6960784314,"Downer":38.6421568627,"Hackett":43.5441176471,"Parkes":43.6985294118,"Lyneham":193.737745098,"O'Connor":105.1495098039,"Reid":130.6446078431,"Turner":53.3088235294,"Watson":107.4338235294,"Deakin":65.5416666667,"Forrest":20.9460784314,"Griffith":197.2132352941,"Narrabundah":166.5906862745,"Red Hill":97.0367647059,"Yarralumla":71.387254902,"Banks":46.7794117647,"Bonython":74.9656862745,"Calwell":89.0735294118,"Chisholm":113.7254901961,"Conder":68.5490196078,"Fadden":32.512254902,"Gilmore":42.8504901961,"Gordon":85.4117647059,"Gowrie":62.1274509804,"Greenway":269.8210784314,"Isabella Plains":51.3039215686,"Kambah":355.6151960784,"Macarthur":18.9558823529,"Monash":55.1348039216,"Mount Taylor":0.0,"Oxley":30.6838235294,"Richardson":62.625,"Theodore":42.9583333333,"Tuggeranong":0.0,"Wanniassa":252.6911764706,"Chapman":43.2892156863,"Duffy":28.2475490196,"Fisher":29.6151960784,"Holder":34.0906862745,"Rivett":42.2892156863,"Stirling":23.2794117647,"Waramanga":38.9754901961,"Weston":51.8897058824,"Chifley":47.1764705882,"Curtin":101.9019607843,"Farrer":21.8700980392,"Garran":83.8921568627,"Hughes":33.0710784314,"Isaacs":22.0661764706,"Lyons":86.9558823529,"Mawson":92.4607843137,"O'Malley":13.6617647059,"Pearce":35.2181372549,"Phillip":295.7450980392,"Torrens":12.6053921569,"Gungahlin":265.0857843137,"Barton":57.25,"Kingston":112.0245098039}}