{"2018Q2":{"Aranda":105.2205882353,"Belconnen":587.6299019608,"Bruce":193.1004901961,"Charnwood":93.0416666667,"Cook":116.7573529412,"Dunlop":78.2352941176,"Evatt":62.3088235294,"Kowen":0.0,"Florey":126.7892156863,"Flynn":39.4656862745,"Fraser":42.1568627451,"Giralang":22.0294117647,"Gooromon":0.0,"Hawker":85.4460784314,"Higgins":47.2745098039,"Holt":215.0,"Kaleen":83.1960784314,"Majura":53.0931372549,"Latham":34.7107843137,"Lawson":20.2009803922,"Macgregor":99.1348039216,"Macquarie":102.2794117647,"McKellar":39.3357843137,"Melba":54.4068627451,"Page":48.443627451,"Hall":2.1029411765,"Scullin":42.5539215686,"Spence":51.7426470588,"Weetangera":25.9926470588,"Molonglo":3.4558823529,"Namadgi":0.0,"Mitchell":134.2279411765,"Hume":47.7328431373,"Amaroo":69.4950980392,"Bonner":52.0710784314,"Casey":0.0,"Crace":48.5857843137,"Forde":25.3529411765,"Franklin":130.4705882353,"Harrison":108.987745098,"Ngunnawal":91.6053921569,"Nicholls":72.3284313725,"Palmerston":70.8725490196,"Acton":103.568627451,"Ainslie":107.2156862745,"Braddon":275.5637254902,"Lake Burley Griffin":0.0,"Campbell":69.7524509804,"Civic":0.0,"Dickson":139.7156862745,"Downer":36.7696078431,"Hackett":45.8676470588,"Parkes":40.4779411765,"Lyneham":187.0269607843,"O'Connor":100.9093137255,"Reid":135.8848039216,"Turner":38.5735294118,"Watson":112.1544117647,"Deakin":58.5171568627,"Forrest":17.2892156863,"Griffith":197.5514705882,"Narrabundah":166.2916666667,"Red Hill":98.9044117647,"Yarralumla":64.2598039216,"Banks":46.6323529412,"Bonython":74.3284313725,"Calwell":84.2205882353,"Chisholm":112.862745098,"Conder":61.4509803922,"Fadden":31.3112745098,"Gilmore":39.443627451,"Gordon":80.9411764706,"Gowrie":62.2254901961,"Greenway":258.8259803922,"Isabella Plains":45.4019607843,"Kambah":354.9142156863,"Macarthur":18.3382352941,"Monash":51.0416666667,"Mount Taylor":0.0,"Oxley":29.375,"Richardson":61.5514705882,"Theodore":40.6299019608,"Tuggeranong":0.0,"Wanniassa":253.4264705882,"Chapman":44.9460784314,"Duffy":27.3406862745,"Fisher":27.737745098,"Holder":33.9681372549,"Rivett":41.7107843137,"Stirling":21.4264705882,"Waramanga":37.3774509804,"Weston":31.2279411765,"Chifley":46.7058823529,"Curtin":97.3921568627,"Farrer":19.012254902,"Garran":85.637254902,"Hughes":32.2818627451,"Isaacs":22.1102941176,"Lyons":88.8088235294,"Mawson":93.1862745098,"O'Malley":13.75,"Pearce":35.4289215686,"Phillip":286.6078431373,"Torrens":10.1593137255,"Gungahlin":260.8553921569,"Barton":56.1617647059,"Kingston":111.6225490196}}