{"Education":{"Aranda":25.0318834349,"Belconnen":16.5367307113,"Bruce":16.6444547111,"Charnwood":33.226542896,"Cook":12.7191054013,"Dunlop":13.2463860317,"Evatt":33.0772412121,"Kowen":16.1813925519,"Florey":28.7039868506,"Flynn":17.0318831313,"Fraser":21.4977423348,"Giralang":21.2180379143,"Gooromon":13.9172986619,"Hawker":28.7058767453,"Higgins":12.8570677167,"Holt":33.1377178436,"Kaleen":41.3021389889,"Majura":14.8395672915,"Latham":20.9591223359,"Lawson":13.4618340313,"Macgregor":21.1689006513,"Macquarie":24.6539044884,"McKellar":12.9742411902,"Melba":29.0857455866,"Page":16.4724742904,"Hall":17.5043568146,"Scullin":24.7502891197,"Spence":21.0970846514,"Weetangera":20.513107179,"Molonglo":13.3654493999,"Namadgi":13.6413740309,"Mitchell":13.0384976111,"Hume":13.2633950843,"Amaroo":32.9166001598,"Bonner":16.7729675529,"Casey":13.0517268742,"Crace":13.0668460321,"Forde":16.9354985,"Franklin":20.6453998103,"Harrison":32.8145458443,"Ngunnawal":20.8495084414,"Nicholls":41.3626156204,"Palmerston":24.748399225,"Acton":12.855177822,"Ainslie":28.9194348501,"Braddon":20.5490151789,"Lake Burley Griffin":13.0233784532,"Campbell":33.0904704753,"Civic":12.2938790864,"Dickson":32.9732970018,"Downer":17.3153673413,"Hackett":21.4618343349,"Parkes":12.8854161377,"Lyneham":29.0951950603,"O'Connor":40.9676276212,"Reid":16.6728031321,"Turner":24.6822529094,"Watson":25.5175863813,"Deakin":33.0148746859,"Forrest":17.1282677627,"Griffith":25.519476276,"Narrabundah":33.5516047901,"Red Hill":37.4580551526,"Yarralumla":25.2189830135,"Banks":13.0025896112,"Bonython":20.4526305475,"Calwell":28.8381693766,"Chisholm":28.8967561133,"Conder":28.8608481134,"Fadden":21.2539459142,"Gilmore":21.1481118092,"Gordon":24.8315545933,"Gowrie":24.9789663824,"Greenway":12.2409620338,"Isabella Plains":28.6227213771,"Kambah":45.0744068254,"Macarthur":13.0781854005,"Monash":20.6680785471,"Mount Taylor":12.741784138,"Oxley":12.7682426643,"Richardson":20.9364435991,"Theodore":20.9288840202,"Tuggeranong":20.3978236003,"Wanniassa":57.0092059125,"Chapman":21.2633953879,"Duffy":21.2596155984,"Fisher":13.1764599266,"Holder":21.1273229671,"Rivett":13.2917435053,"Stirling":17.0186538682,"Waramanga":29.0063700078,"Weston":24.9506179614,"Chifley":16.6614637637,"Curtin":28.8835268502,"Farrer":20.9572324412,"Garran":32.901481002,"Hughes":24.7691880671,"Isaacs":12.9099847693,"Lyons":24.7276103829,"Mawson":24.6879225936,"O'Malley":16.6954818689,"Pearce":32.7502894233,"Phillip":16.5272812377,"Torrens":20.8778568624,"Gungahlin":20.286319811,"Barton":21.1764602302,"Kingston":13.3371009789}}