{"Transport":{"Aranda":0.0199367448,"Belconnen":0.033392351,"Bruce":0.0257544463,"Charnwood":0.030274217,"Cook":0.0186875763,"Dunlop":0.0356083632,"Evatt":0.0333092743,"Kowen":0.0605493374,"Florey":0.0283233812,"Flynn":0.0284773701,"Fraser":0.0396931268,"Giralang":0.0313107396,"Gooromon":0.0345718752,"Hawker":0.0234148942,"Higgins":0.0311103457,"Holt":0.0415142236,"Kaleen":0.0329537261,"Majura":0.0491787576,"Latham":0.0327550555,"Lawson":0.0261047177,"Macgregor":0.0381018181,"Macquarie":0.0194375686,"McKellar":0.0263028058,"Melba":0.0338595656,"Page":0.0169012196,"Hall":0.0273461909,"Scullin":0.0217232928,"Spence":0.0299947669,"Weetangera":0.0174558865,"Molonglo":0.0201171903,"Namadgi":0.034890507,"Mitchell":0.0244233845,"Hume":0.0229088768,"Amaroo":0.0285684919,"Bonner":0.0251291974,"Casey":0.0282873313,"Crace":0.0244826447,"Forde":0.0307133669,"Franklin":0.022779257,"Harrison":0.0300412823,"Ngunnawal":0.0446363272,"Nicholls":0.0434763374,"Palmerston":0.0275887671,"Acton":0.0244008977,"Ainslie":0.0316992631,"Braddon":0.0253001528,"Lake Burley Griffin":0.018287149,"Campbell":0.0389192709,"Civic":0.0115094457,"Dickson":0.0235156962,"Downer":0.0295504428,"Hackett":0.0301790106,"Parkes":0.0215619406,"Lyneham":0.0316190904,"O'Connor":0.0284648042,"Reid":0.0212193827,"Turner":0.0204653546,"Watson":0.0326667338,"Deakin":0.0296709986,"Forrest":0.0212763896,"Griffith":0.0323452129,"Narrabundah":0.0416986086,"Red Hill":0.0283247947,"Yarralumla":0.0245408232,"Banks":0.0355183012,"Bonython":0.0239984794,"Calwell":0.0302169181,"Chisholm":0.0349140453,"Conder":0.0320486995,"Fadden":0.0316208779,"Gilmore":0.0300177936,"Gordon":0.0359572361,"Gowrie":0.0257589026,"Greenway":0.023456115,"Isabella Plains":0.0236724378,"Kambah":0.0497583507,"Macarthur":0.0217766109,"Monash":0.0286132655,"Mount Taylor":0.013001144,"Oxley":0.0262803484,"Richardson":0.0300235906,"Theodore":0.0281832434,"Tuggeranong":0.0152839949,"Wanniassa":0.0548897865,"Chapman":0.029166129,"Duffy":0.0331691604,"Fisher":0.0270100836,"Holder":0.0289076289,"Rivett":0.0301717954,"Stirling":0.0253145528,"Waramanga":0.0242830219,"Weston":0.0303267991,"Chifley":0.0172651076,"Curtin":0.0232559318,"Farrer":0.0192732839,"Garran":0.0218580513,"Hughes":0.0162680473,"Isaacs":0.0210519811,"Lyons":0.0174228433,"Mawson":0.0171610573,"O'Malley":0.0137212348,"Pearce":0.0184017262,"Phillip":0.0267079779,"Torrens":0.0208001721,"Gungahlin":0.0281982564,"Barton":0.0241238382,"Kingston":0.0278491151}}