{"2017Q2":{"Aranda":125.0441176471,"Belconnen":616.9926470588,"Bruce":207.6397058824,"Charnwood":94.1691176471,"Cook":102.5514705882,"Dunlop":78.0,"Evatt":70.7205882353,"Kowen":0.0,"Florey":126.2205882353,"Flynn":38.5441176471,"Fraser":39.8823529412,"Giralang":33.9117647059,"Gooromon":0.0,"Hawker":92.1323529412,"Higgins":49.9411764706,"Holt":202.5294117647,"Kaleen":98.6470588235,"Majura":75.0735294118,"Latham":44.8088235294,"Lawson":17.0441176471,"Macgregor":92.5955882353,"Macquarie":100.9264705882,"McKellar":39.0514705882,"Melba":57.9558823529,"Page":51.0220588235,"Hall":5.2205882353,"Scullin":44.8088235294,"Spence":53.125,"Weetangera":26.8455882353,"Molonglo":2.8088235294,"Namadgi":0.0,"Mitchell":136.2573529412,"Hume":72.2132352941,"Amaroo":64.2205882353,"Bonner":50.4926470588,"Casey":0.0,"Crace":46.8308823529,"Forde":27.4705882353,"Franklin":126.9411764706,"Harrison":103.0367647059,"Ngunnawal":93.0661764706,"Nicholls":81.3676470588,"Palmerston":71.1470588235,"Acton":133.0588235294,"Ainslie":106.8235294118,"Braddon":285.5441176471,"Lake Burley Griffin":0.0,"Campbell":73.4485294118,"Civic":0.0,"Dickson":171.6764705882,"Downer":40.5147058824,"Hackett":41.2205882353,"Parkes":46.9191176471,"Lyneham":200.4485294118,"O'Connor":109.3897058824,"Reid":125.4044117647,"Turner":68.0441176471,"Watson":102.7132352941,"Deakin":72.5661764706,"Forrest":24.6029411765,"Griffith":196.875,"Narrabundah":166.8897058824,"Red Hill":95.1691176471,"Yarralumla":78.5147058824,"Banks":46.9264705882,"Bonython":75.6029411765,"Calwell":93.9264705882,"Chisholm":114.5882352941,"Conder":75.6470588235,"Fadden":33.7132352941,"Gilmore":46.2573529412,"Gordon":89.8823529412,"Gowrie":62.0294117647,"Greenway":280.8161764706,"Isabella Plains":57.2058823529,"Kambah":356.3161764706,"Macarthur":19.5735294118,"Monash":59.2279411765,"Mount Taylor":0.0,"Oxley":31.9926470588,"Richardson":63.6985294118,"Theodore":45.2867647059,"Tuggeranong":0.0,"Wanniassa":251.9558823529,"Chapman":41.6323529412,"Duffy":29.1544117647,"Fisher":31.4926470588,"Holder":34.2132352941,"Rivett":42.8676470588,"Stirling":25.1323529412,"Waramanga":40.5735294118,"Weston":72.5514705882,"Chifley":47.6470588235,"Curtin":106.4117647059,"Farrer":24.7279411765,"Garran":82.1470588235,"Hughes":33.8602941176,"Isaacs":22.0220588235,"Lyons":85.1029411765,"Mawson":91.7352941176,"O'Malley":13.5735294118,"Pearce":35.0073529412,"Phillip":304.8823529412,"Torrens":15.0514705882,"Gungahlin":269.3161764706,"Barton":58.3382352941,"Kingston":112.4264705882}}