{"2017Q3":{"Aranda":120.0882352941,"Belconnen":609.6519607843,"Bruce":204.0049019608,"Charnwood":93.887254902,"Cook":106.1029411765,"Dunlop":78.0588235294,"Evatt":68.6176470588,"Kowen":0.0,"Florey":126.362745098,"Flynn":38.7745098039,"Fraser":40.4509803922,"Giralang":30.9411764706,"Gooromon":0.0,"Hawker":90.4607843137,"Higgins":49.2745098039,"Holt":205.6470588235,"Kaleen":94.7843137255,"Majura":69.5784313725,"Latham":42.2843137255,"Lawson":17.8333333333,"Macgregor":94.2303921569,"Macquarie":101.2647058824,"McKellar":39.1225490196,"Melba":57.068627451,"Page":50.3774509804,"Hall":4.4411764706,"Scullin":44.2450980392,"Spence":52.7794117647,"Weetangera":26.6323529412,"Molonglo":2.9705882353,"Namadgi":0.0,"Mitchell":135.75,"Hume":66.0931372549,"Amaroo":65.5392156863,"Bonner":50.887254902,"Casey":0.0,"Crace":47.2696078431,"Forde":26.9411764706,"Franklin":127.8235294118,"Harrison":104.5245098039,"Ngunnawal":92.7009803922,"Nicholls":79.1078431373,"Palmerston":71.0784313725,"Acton":125.6862745098,"Ainslie":106.9215686275,"Braddon":283.0490196078,"Lake Burley Griffin":0.0,"Campbell":72.5245098039,"Civic":0.0,"Dickson":163.6862745098,"Downer":39.5784313725,"Hackett":42.3823529412,"Parkes":45.3088235294,"Lyneham":197.0931372549,"O'Connor":107.2696078431,"Reid":128.0245098039,"Turner":60.6764705882,"Watson":105.0735294118,"Deakin":69.0539215686,"Forrest":22.7745098039,"Griffith":197.0441176471,"Narrabundah":166.7401960784,"Red Hill":96.1029411765,"Yarralumla":74.9509803922,"Banks":46.8529411765,"Bonython":75.2843137255,"Calwell":91.5,"Chisholm":114.1568627451,"Conder":72.0980392157,"Fadden":33.112745098,"Gilmore":44.5539215686,"Gordon":87.6470588235,"Gowrie":62.0784313725,"Greenway":275.318627451,"Isabella Plains":54.2549019608,"Kambah":355.9656862745,"Macarthur":19.2647058824,"Monash":57.181372549,"Mount Taylor":0.0,"Oxley":31.3382352941,"Richardson":63.1617647059,"Theodore":44.1225490196,"Tuggeranong":0.0,"Wanniassa":252.3235294118,"Chapman":42.4607843137,"Duffy":28.7009803922,"Fisher":30.5539215686,"Holder":34.1519607843,"Rivett":42.5784313725,"Stirling":24.2058823529,"Waramanga":39.7745098039,"Weston":62.2205882353,"Chifley":47.4117647059,"Curtin":104.1568627451,"Farrer":23.2990196078,"Garran":83.0196078431,"Hughes":33.4656862745,"Isaacs":22.0441176471,"Lyons":86.0294117647,"Mawson":92.0980392157,"O'Malley":13.6176470588,"Pearce":35.112745098,"Phillip":300.3137254902,"Torrens":13.8284313725,"Gungahlin":267.2009803922,"Barton":57.7941176471,"Kingston":112.2254901961}}