{"2018Q3":{"Aranda":100.2647058824,"Belconnen":580.2892156863,"Bruce":189.4656862745,"Charnwood":92.7598039216,"Cook":120.3088235294,"Dunlop":78.2941176471,"Evatt":60.2058823529,"Kowen":0.0,"Florey":126.931372549,"Flynn":39.6960784314,"Fraser":42.7254901961,"Giralang":19.0588235294,"Gooromon":0.0,"Hawker":83.7745098039,"Higgins":46.6078431373,"Holt":218.1176470588,"Kaleen":79.3333333333,"Majura":47.5980392157,"Latham":32.1862745098,"Lawson":20.9901960784,"Macgregor":100.7696078431,"Macquarie":102.6176470588,"McKellar":39.4068627451,"Melba":53.5196078431,"Page":47.7990196078,"Hall":1.3235294118,"Scullin":41.9901960784,"Spence":51.3970588235,"Weetangera":25.7794117647,"Molonglo":3.6176470588,"Namadgi":0.0,"Mitchell":133.7205882353,"Hume":41.612745098,"Amaroo":70.8137254902,"Bonner":52.4656862745,"Casey":0.0,"Crace":49.0245098039,"Forde":24.8235294118,"Franklin":131.3529411765,"Harrison":110.4754901961,"Ngunnawal":91.2401960784,"Nicholls":70.068627451,"Palmerston":70.8039215686,"Acton":96.1960784314,"Ainslie":107.3137254902,"Braddon":273.068627451,"Lake Burley Griffin":0.0,"Campbell":68.8284313725,"Civic":0.0,"Dickson":131.7254901961,"Downer":35.8333333333,"Hackett":47.0294117647,"Parkes":38.8676470588,"Lyneham":183.6715686275,"O'Connor":98.7892156863,"Reid":138.5049019608,"Turner":31.2058823529,"Watson":114.5147058824,"Deakin":55.0049019608,"Forrest":15.4607843137,"Griffith":197.7205882353,"Narrabundah":166.1421568627,"Red Hill":99.8382352941,"Yarralumla":60.6960784314,"Banks":46.5588235294,"Bonython":74.0098039216,"Calwell":81.7941176471,"Chisholm":112.431372549,"Conder":57.9019607843,"Fadden":30.7107843137,"Gilmore":37.7401960784,"Gordon":78.7058823529,"Gowrie":62.2745098039,"Greenway":253.3284313725,"Isabella Plains":42.4509803922,"Kambah":354.5637254902,"Macarthur":18.0294117647,"Monash":48.9950980392,"Mount Taylor":0.0,"Oxley":28.7205882353,"Richardson":61.0147058824,"Theodore":39.4656862745,"Tuggeranong":0.0,"Wanniassa":253.7941176471,"Chapman":45.7745098039,"Duffy":26.887254902,"Fisher":26.7990196078,"Holder":33.9068627451,"Rivett":41.4215686275,"Stirling":20.5,"Waramanga":36.5784313725,"Weston":20.8970588235,"Chifley":46.4705882353,"Curtin":95.137254902,"Farrer":17.5833333333,"Garran":86.5098039216,"Hughes":31.887254902,"Isaacs":22.1323529412,"Lyons":89.7352941176,"Mawson":93.5490196078,"O'Malley":13.7941176471,"Pearce":35.5343137255,"Phillip":282.0392156863,"Torrens":8.9362745098,"Gungahlin":258.7401960784,"Barton":55.6176470588,"Kingston":111.4215686275}}