{"2018Q4":{"Aranda":95.3088235294,"Belconnen":572.9485294118,"Bruce":185.8308823529,"Charnwood":92.4779411765,"Cook":123.8602941176,"Dunlop":78.3529411765,"Evatt":58.1029411765,"Kowen":0.0,"Florey":127.0735294118,"Flynn":39.9264705882,"Fraser":43.2941176471,"Giralang":16.0882352941,"Gooromon":0.0,"Hawker":82.1029411765,"Higgins":45.9411764706,"Holt":221.2352941176,"Kaleen":75.4705882353,"Majura":42.1029411765,"Latham":29.6617647059,"Lawson":21.7794117647,"Macgregor":102.4044117647,"Macquarie":102.9558823529,"McKellar":39.4779411765,"Melba":52.6323529412,"Page":47.1544117647,"Hall":0.5441176471,"Scullin":41.4264705882,"Spence":51.0514705882,"Weetangera":25.5661764706,"Molonglo":3.7794117647,"Namadgi":0.0,"Mitchell":133.2132352941,"Hume":35.4926470588,"Amaroo":72.1323529412,"Bonner":52.8602941176,"Casey":0.0,"Crace":49.4632352941,"Forde":24.2941176471,"Franklin":132.2352941176,"Harrison":111.9632352941,"Ngunnawal":90.875,"Nicholls":67.8088235294,"Palmerston":70.7352941176,"Acton":88.8235294118,"Ainslie":107.4117647059,"Braddon":270.5735294118,"Lake Burley Griffin":0.0,"Campbell":67.9044117647,"Civic":0.0,"Dickson":123.7352941176,"Downer":34.8970588235,"Hackett":48.1911764706,"Parkes":37.2573529412,"Lyneham":180.3161764706,"O'Connor":96.6691176471,"Reid":141.125,"Turner":23.8382352941,"Watson":116.875,"Deakin":51.4926470588,"Forrest":13.6323529412,"Griffith":197.8897058824,"Narrabundah":165.9926470588,"Red Hill":100.7720588235,"Yarralumla":57.1323529412,"Banks":46.4852941176,"Bonython":73.6911764706,"Calwell":79.3676470588,"Chisholm":112.0,"Conder":54.3529411765,"Fadden":30.1102941176,"Gilmore":36.0367647059,"Gordon":76.4705882353,"Gowrie":62.3235294118,"Greenway":247.8308823529,"Isabella Plains":39.5,"Kambah":354.2132352941,"Macarthur":17.7205882353,"Monash":46.9485294118,"Mount Taylor":0.0,"Oxley":28.0661764706,"Richardson":60.4779411765,"Theodore":38.3014705882,"Tuggeranong":0.0,"Wanniassa":254.1617647059,"Chapman":46.6029411765,"Duffy":26.4338235294,"Fisher":25.8602941176,"Holder":33.8455882353,"Rivett":41.1323529412,"Stirling":19.5735294118,"Waramanga":35.7794117647,"Weston":10.5661764706,"Chifley":46.2352941176,"Curtin":92.8823529412,"Farrer":16.1544117647,"Garran":87.3823529412,"Hughes":31.4926470588,"Isaacs":22.1544117647,"Lyons":90.6617647059,"Mawson":93.9117647059,"O'Malley":13.8382352941,"Pearce":35.6397058824,"Phillip":277.4705882353,"Torrens":7.7132352941,"Gungahlin":256.625,"Barton":55.0735294118,"Kingston":111.2205882353}}