{"2018Q1":{"Aranda":110.1764705882,"Belconnen":594.9705882353,"Bruce":196.7352941176,"Charnwood":93.3235294118,"Cook":113.2058823529,"Dunlop":78.1764705882,"Evatt":64.4117647059,"Kowen":0.0,"Florey":126.6470588235,"Flynn":39.2352941176,"Fraser":41.5882352941,"Giralang":25.0,"Gooromon":0.0,"Hawker":87.1176470588,"Higgins":47.9411764706,"Holt":211.8823529412,"Kaleen":87.0588235294,"Majura":58.5882352941,"Latham":37.2352941176,"Lawson":19.4117647059,"Macgregor":97.5,"Macquarie":101.9411764706,"McKellar":39.2647058824,"Melba":55.2941176471,"Page":49.0882352941,"Hall":2.8823529412,"Scullin":43.1176470588,"Spence":52.0882352941,"Weetangera":26.2058823529,"Molonglo":3.2941176471,"Namadgi":0.0,"Mitchell":134.7352941176,"Hume":53.8529411765,"Amaroo":68.1764705882,"Bonner":51.6764705882,"Casey":0.0,"Crace":48.1470588235,"Forde":25.8823529412,"Franklin":129.5882352941,"Harrison":107.5,"Ngunnawal":91.9705882353,"Nicholls":74.5882352941,"Palmerston":70.9411764706,"Acton":110.9411764706,"Ainslie":107.1176470588,"Braddon":278.0588235294,"Lake Burley Griffin":0.0,"Campbell":70.6764705882,"Civic":0.0,"Dickson":147.7058823529,"Downer":37.7058823529,"Hackett":44.7058823529,"Parkes":42.0882352941,"Lyneham":190.3823529412,"O'Connor":103.0294117647,"Reid":133.2647058824,"Turner":45.9411764706,"Watson":109.7941176471,"Deakin":62.0294117647,"Forrest":19.1176470588,"Griffith":197.3823529412,"Narrabundah":166.4411764706,"Red Hill":97.9705882353,"Yarralumla":67.8235294118,"Banks":46.7058823529,"Bonython":74.6470588235,"Calwell":86.6470588235,"Chisholm":113.2941176471,"Conder":65.0,"Fadden":31.9117647059,"Gilmore":41.1470588235,"Gordon":83.1764705882,"Gowrie":62.1764705882,"Greenway":264.3235294118,"Isabella Plains":48.3529411765,"Kambah":355.2647058824,"Macarthur":18.6470588235,"Monash":53.0882352941,"Mount Taylor":0.0,"Oxley":30.0294117647,"Richardson":62.0882352941,"Theodore":41.7941176471,"Tuggeranong":0.0,"Wanniassa":253.0588235294,"Chapman":44.1176470588,"Duffy":27.7941176471,"Fisher":28.6764705882,"Holder":34.0294117647,"Rivett":42.0,"Stirling":22.3529411765,"Waramanga":38.1764705882,"Weston":41.5588235294,"Chifley":46.9411764706,"Curtin":99.6470588235,"Farrer":20.4411764706,"Garran":84.7647058824,"Hughes":32.6764705882,"Isaacs":22.0882352941,"Lyons":87.8823529412,"Mawson":92.8235294118,"O'Malley":13.7058823529,"Pearce":35.3235294118,"Phillip":291.1764705882,"Torrens":11.3823529412,"Gungahlin":262.9705882353,"Barton":56.7058823529,"Kingston":111.8235294118}}