{"crimesPP":{"Aranda":0.0538922156,"Belconnen":0.2322985699,"Bruce":0.0272318561,"Charnwood":0.0319920844,"Cook":0.0326125487,"Dunlop":0.0112192484,"Evatt":0.021567892,"Kowen":0.25,"Florey":0.0305980529,"Flynn":0.012406232,"Fraser":0.0263157895,"Giralang":0.0189759036,"Gooromon":2.5,"Hawker":0.038718761,"Higgins":0.0217536814,"Holt":0.0474218265,"Kaleen":0.0154563624,"Majura":0.233201581,"Latham":0.02573852,"Lawson":0.0473225405,"Macgregor":0.0132490214,"Macquarie":0.0462322534,"McKellar":0.0146137787,"Melba":0.0284270373,"Page":0.0254908715,"Hall":0.0678466077,"Scullin":0.023255814,"Spence":0.025351014,"Weetangera":0.0186190846,"Molonglo":0.0194986072,"Namadgi":0.3225806452,"Mitchell":16.4444444444,"Hume":0.225,"Amaroo":0.0089633012,"Bonner":0.009749816,"Casey":0.0169187898,"Crace":0.0100490769,"Forde":0.0081282953,"Franklin":0.0166842026,"Harrison":0.0129927818,"Ngunnawal":0.0098842135,"Nicholls":0.0136094675,"Palmerston":0.0149386449,"Acton":0.0653763441,"Ainslie":0.0264987784,"Braddon":0.0402595242,"Lake Burley Griffin":null,"Campbell":0.0154272838,"Civic":0.0025031289,"Dickson":0.089323692,"Downer":0.012145749,"Hackett":0.031282586,"Parkes":null,"Lyneham":0.0480349345,"O'Connor":0.028766883,"Reid":0.0947426068,"Turner":0.0264114369,"Watson":0.0241858995,"Deakin":0.0406891496,"Forrest":0.0241691843,"Griffith":0.0448003714,"Narrabundah":0.0199158031,"Red Hill":0.0224132637,"Yarralumla":0.038028169,"Banks":0.009410802,"Bonython":0.0254191455,"Calwell":0.0181980375,"Chisholm":0.0233236152,"Conder":0.0171008153,"Fadden":0.0166002656,"Gilmore":0.0205580029,"Gordon":0.0146865985,"Gowrie":0.0232401482,"Greenway":0.1581713085,"Isabella Plains":0.0161625491,"Kambah":0.0269597956,"Macarthur":0.0161403509,"Monash":0.0114726349,"Mount Taylor":3.3333333333,"Oxley":0.0197330238,"Richardson":0.0361774744,"Theodore":0.0109717868,"Tuggeranong":0.3225806452,"Wanniassa":0.0364709037,"Chapman":0.0115606936,"Duffy":0.0123256568,"Fisher":0.0127850726,"Holder":0.0157170923,"Rivett":0.0203940546,"Stirling":0.0196078431,"Waramanga":0.01854193,"Weston":0.0330948122,"Chifley":0.0237920937,"Curtin":0.023715415,"Farrer":0.0078901227,"Garran":0.0318993269,"Hughes":0.016509434,"Isaacs":0.0141570142,"Lyons":0.0423728814,"Mawson":0.0307692308,"O'Malley":0.0235897436,"Pearce":0.0117504052,"Phillip":0.1268412439,"Torrens":0.0096997691,"Gungahlin":0.1056853854,"Barton":0.0034879665,"Kingston":0.0034879665}}