{"Livability":{"Aranda":94.205217532,"Belconnen":92.0996001562,"Bruce":93.7446263176,"Charnwood":94.8516017859,"Cook":94.3588401936,"Dunlop":94.2474617611,"Evatt":95.1792438422,"Kowen":91.9791287225,"Florey":95.2535243896,"Flynn":94.7267746112,"Fraser":94.971028913,"Giralang":95.0800518733,"Gooromon":69.2952312332,"Hawker":94.5906663277,"Higgins":94.4674070823,"Holt":94.4128129165,"Kaleen":94.8122847176,"Majura":93.5200441873,"Latham":94.5712449574,"Lawson":95.3845914168,"Macgregor":94.4234547298,"Macquarie":94.3557059867,"McKellar":95.0085836493,"Melba":94.7979207861,"Page":94.4114088275,"Hall":95.5364939021,"Scullin":94.6686987113,"Spence":94.6729358553,"Weetangera":94.6482791255,"Molonglo":95.6689075864,"Namadgi":90.4045005705,"Mitchell":64.839588516,"Hume":92.4796769932,"Amaroo":94.8871199654,"Bonner":95.2001295241,"Casey":94.3362672694,"Crace":95.3926112564,"Forde":95.8661929461,"Franklin":95.0777537086,"Harrison":96.122119819,"Ngunnawal":94.9029184519,"Nicholls":95.6984280874,"Palmerston":95.3353938039,"Acton":93.7656562272,"Ainslie":93.9625328439,"Braddon":94.6790372741,"Lake Burley Griffin":64.8395841434,"Campbell":92.2566407121,"Civic":94.4515829766,"Dickson":93.2862267474,"Downer":94.1513028446,"Hackett":94.1339290185,"Parkes":64.8395841434,"Lyneham":93.7443428736,"O'Connor":94.2474625324,"Reid":91.0147225115,"Turner":91.7605976536,"Watson":93.719339918,"Deakin":96.6064767835,"Forrest":95.037012853,"Griffith":95.154799349,"Narrabundah":94.8900643765,"Red Hill":95.329434528,"Yarralumla":96.5030241755,"Banks":95.2394886355,"Bonython":95.1881766727,"Calwell":95.071244268,"Chisholm":95.2202275891,"Conder":95.4541456972,"Fadden":96.629774811,"Gilmore":95.3709222822,"Gordon":95.0718113253,"Gowrie":96.4945362188,"Greenway":90.4487168808,"Isabella Plains":95.2006180774,"Kambah":94.49635834,"Macarthur":96.6834091788,"Monash":96.2812229375,"Mount Taylor":66.810364664,"Oxley":95.5117901143,"Richardson":95.1628418947,"Theodore":95.3142638351,"Tuggeranong":90.2057875374,"Wanniassa":95.7343099448,"Chapman":96.1724050085,"Duffy":96.064812195,"Fisher":95.7765814298,"Holder":96.0258778657,"Rivett":95.8684405782,"Stirling":96.0901023555,"Waramanga":96.1416196537,"Weston":95.8604011261,"Chifley":94.6361134631,"Curtin":95.9680345382,"Farrer":96.0947166765,"Garran":96.184895017,"Hughes":96.2846092273,"Isaacs":96.1493505775,"Lyons":94.3159666552,"Mawson":95.890935811,"O'Malley":94.8659220446,"Pearce":96.3635473712,"Phillip":93.2590661162,"Torrens":96.373373669,"Gungahlin":94.9796438256,"Barton":95.1250685633,"Kingston":95.0586778328}}