{"time_to_Hospital":{"Aranda":6.3,"Belconnen":10.2166666667,"Bruce":4.75,"Charnwood":14.3833333333,"Cook":8.1,"Dunlop":15.25,"Evatt":11.8333333333,"Kowen":24.7666666667,"Florey":11.5833333333,"Flynn":12.7,"Fraser":16.1166666667,"Giralang":9.9666666667,"Gooromon":20.4666666667,"Hawker":9.95,"Higgins":11.85,"Holt":13.7666666667,"Kaleen":8.3666666667,"Majura":25.8333333333,"Latham":14.1166666667,"Lawson":10.1833333333,"Macgregor":15.6833333333,"Macquarie":7.3833333333,"McKellar":10.4333333333,"Melba":12.75,"Page":9.1833333333,"Hall":16.6833333333,"Scullin":11.1833333333,"Spence":12.45,"Weetangera":8.5333333333,"Molonglo":8.95,"Namadgi":24.4333333333,"Mitchell":11.9,"Hume":11.7666666667,"Amaroo":18.8,"Bonner":19.5833333333,"Casey":17.2333333333,"Crace":13.1833333333,"Forde":21.0166666667,"Franklin":12.1166666667,"Harrison":15.2,"Ngunnawal":16.1666666667,"Nicholls":15.3833333333,"Palmerston":14.05,"Acton":9.5166666667,"Ainslie":12.6333333333,"Braddon":11.3666666667,"Lake Burley Griffin":11.0,"Campbell":14.7,"Civic":11.6666666667,"Dickson":11.0333333333,"Downer":13.05,"Hackett":14.8,"Parkes":11.2333333333,"Lyneham":9.2166666667,"O'Connor":7.4166666667,"Reid":12.1666666667,"Turner":8.8666666667,"Watson":14.35,"Deakin":6.9,"Forrest":8.4666666667,"Griffith":10.7666666667,"Narrabundah":10.7666666667,"Red Hill":10.6666666667,"Yarralumla":8.25,"Banks":18.8,"Bonython":14.6,"Calwell":13.8666666667,"Chisholm":13.4,"Conder":16.9833333333,"Fadden":12.0,"Gilmore":14.9666666667,"Gordon":16.95,"Gowrie":10.8166666667,"Greenway":15.1666666667,"Isabella Plains":13.45,"Kambah":13.25,"Macarthur":14.2666666667,"Monash":10.4333333333,"Mount Taylor":7.8166666667,"Oxley":13.5833333333,"Richardson":14.0333333333,"Theodore":17.0,"Tuggeranong":14.0333333333,"Wanniassa":11.3666666667,"Chapman":12.3833333333,"Duffy":12.35,"Fisher":11.8833333333,"Holder":11.1833333333,"Rivett":12.9,"Stirling":10.3666666667,"Waramanga":9.8166666667,"Weston":8.6833333333,"Chifley":7.2166666667,"Curtin":5.8833333333,"Farrer":6.2,"Garran":3.5333333333,"Hughes":4.4333333333,"Isaacs":6.0666666667,"Lyons":5.9333333333,"Mawson":5.5833333333,"O'Malley":3.7833333333,"Pearce":7.3166666667,"Phillip":5.9166666667,"Torrens":8.6666666667,"Gungahlin":15.8666666667,"Barton":10.15,"Kingston":12.4666666667}}