{"time_to_TC":{"Aranda":8.25,"Belconnen":4.1666666667,"Bruce":5.1166666667,"Charnwood":9.6833333333,"Cook":5.9166666667,"Dunlop":10.5666666667,"Evatt":8.3666666667,"Kowen":36.45,"Florey":5.2166666667,"Flynn":8.5333333333,"Fraser":12.5,"Giralang":10.0333333333,"Gooromon":16.4833333333,"Hawker":5.2333333333,"Higgins":7.1333333333,"Holt":8.9,"Kaleen":10.0666666667,"Majura":24.6166666667,"Latham":7.75,"Lawson":12.4666666667,"Macgregor":9.6,"Macquarie":4.9166666667,"McKellar":8.1666666667,"Melba":8.5833333333,"Page":3.6,"Hall":12.7,"Scullin":5.7666666667,"Spence":8.9666666667,"Weetangera":3.8166666667,"Molonglo":11.6166666667,"Namadgi":14.05,"Mitchell":8.7333333333,"Hume":10.7166666667,"Amaroo":6.95,"Bonner":6.25,"Casey":8.85,"Crace":8.9833333333,"Forde":7.6833333333,"Franklin":4.9833333333,"Harrison":6.05,"Ngunnawal":6.7833333333,"Nicholls":10.6,"Palmerston":5.75,"Acton":7.1166666667,"Ainslie":7.1166666667,"Braddon":4.1333333333,"Lake Burley Griffin":8.6,"Campbell":8.4833333333,"Civic":2.1666666667,"Dickson":7.45,"Downer":11.0333333333,"Hackett":12.1833333333,"Parkes":7.3833333333,"Lyneham":8.6666666667,"O'Connor":7.1166666667,"Reid":5.3666666667,"Turner":5.1666666667,"Watson":12.5333333333,"Deakin":7.8166666667,"Forrest":9.3833333333,"Griffith":12.55,"Narrabundah":12.55,"Red Hill":11.5833333333,"Yarralumla":9.9,"Banks":8.4166666667,"Bonython":3.2833333333,"Calwell":6.4,"Chisholm":6.9166666667,"Conder":6.6,"Fadden":10.35,"Gilmore":9.4166666667,"Gordon":6.4833333333,"Gowrie":7.7833333333,"Greenway":1.7,"Isabella Plains":4.5,"Kambah":7.9166666667,"Macarthur":9.0833333333,"Monash":5.1833333333,"Mount Taylor":6.1166666667,"Oxley":6.35,"Richardson":7.55,"Theodore":7.4833333333,"Tuggeranong":2.8,"Wanniassa":6.9166666667,"Chapman":10.4333333333,"Duffy":10.4,"Fisher":9.95,"Holder":9.2333333333,"Rivett":10.9666666667,"Stirling":8.4166666667,"Waramanga":7.8833333333,"Weston":7.5333333333,"Chifley":5.2666666667,"Curtin":6.8,"Farrer":7.7333333333,"Garran":6.8166666667,"Hughes":5.9333333333,"Isaacs":7.6,"Lyons":5.5666666667,"Mawson":5.2166666667,"O'Malley":5.5666666667,"Pearce":5.4833333333,"Phillip":4.0833333333,"Torrens":7.0333333333,"Gungahlin":1.8166666667,"Barton":9.6666666667,"Kingston":11.3666666667}}